Time,7Li,24Mg,43Ca,66Zn,86Sr,88Sr,111Cd,137Ba,138Ba,208Pb
9.88177,600.0144003,5001.0002,16811.29719,1400.078404,2000.160013,8202.690482,0,400.0064001,3000.360043,3600.518475
10.05201,4200.705719,13006.76352,34647.95277,2200.193617,3600.518475,18012.96934,200.0016,600.0144003,5001.0002,6201.537981
10.22229,8602.959418,22620.44889,45683.32639,2800.313635,4400.774536,28833.21586,600.0144003,400.0064001,7202.074197,6001.440346
10.39242,6401.63882,26227.48641,88512.27129,2800.313635,5201.081825,30236.52572,1000.040002,1600.102407,7602.311103,3800.577688
10.56265,9803.843106,26027.06815,83477.81417,3800.577688,8402.823349,23221.5496,400.0064001,1400.078404,8002.560819,5201.081825
10.73285,9403.535729,19415.06609,63963.23417,1600.102407,5401.166652,25225.42723,1800.129609,1200.057603,9403.535729,3400.462463
10.90307,11205.01985,19214.75693,79250.43136,2000.160013,6001.440346,25826.65311,1200.057603,600.0144003,7202.074197,2400.230422
11.07329,9203.386846,21217.99286,75628.09433,2400.230422,5401.166652,42672.71431,1800.129609,1600.102407,11205.01985,4400.774536
11.24357,7402.191049,20817.32001,75024.47322,800.0256008,5201.081825,33244.14823,1000.040002,1600.102407,10604.49631,3800.577688
11.41372,8202.690482,18012.96934,61752.15732,6201.537981,4800.921777,29635.08794,1200.057603,1600.102407,8002.560819,7602.311103
11.58394,9203.386846,25626.24127,93548.74974,3400.462463,4200.705719,29033.67907,1000.040002,3200.409652,13407.18625,3600.518475
11.75415,10404.3282,16210.50441,78646.63585,1400.078404,4000.640102,42873.39926,1200.057603,1400.078404,11004.84213,5601.254681
11.92437,10404.3282,21017.65483,63762.21106,3600.518475,5401.166652,31639.99295,1000.040002,600.0144003,6801.850103,14007.84439
12.0946,9203.386846,23221.5496,82672.48852,2200.193617,7202.074197,34046.30297,1400.078404,1400.078404,9003.241167,3600.518475
12.2649,9403.535729,21618.67854,78042.86941,2800.313635,3800.577688,26227.48641,800.0256008,800.0256008,8202.690482,5401.166652
12.43504,10804.66762,21618.67854,59943.38458,1200.057603,3600.518475,29835.56399,1200.057603,1200.057603,11205.01985,3600.518475
12.60526,8202.690482,23221.5496,77841.62039,1400.078404,6001.440346,35851.33912,1000.040002,1400.078404,8002.560819,4400.774536
12.77547,15209.24722,21217.99286,63963.23417,4800.921777,7802.43436,31238.98625,1000.040002,1400.078404,12806.55696,3400.462463
12.94567,8602.959418,13407.18625,64767.35886,1800.129609,5401.166652,33645.21917,1000.040002,800.0256008,7802.43436,3400.462463
13.1159,9403.535729,19415.06609,93548.74974,1000.040002,3800.577688,33043.61758,400.0064001,1000.040002,8202.690482,4200.705719
13.28619,10204.1633,25626.24127,84081.84234,2800.313635,4200.705719,20817.32001,1200.057603,2200.193617,11405.20077,6801.850103
13.45633,9603.687816,19815.69403,79854.25595,2800.313635,5201.081825,35249.63148,800.0256008,1200.057603,8402.823349,5401.166652
13.62655,12606.3536,22019.37705,60546.27981,3000.360043,7202.074197,30236.52572,1000.040002,1000.040002,7402.191049,2800.313635
13.79677,7602.311103,17612.39913,60948.22609,3800.577688,7202.074197,26828.76043,600.0144003,1800.129609,8803.098691,3000.360043
13.96698,6001.440346,19014.45098,127648.4541,2200.193617,4000.640102,34848.50912,200.0016,1200.057603,10004.0016,3000.360043
14.13722,15609.74048,25225.42723,98587.25072,2800.313635,6001.440346,31639.99295,200.0016,1000.040002,11004.84213,5601.254681
14.30749,9203.386846,23221.5496,73414.959,2000.160013,5601.254681,34647.95277,600.0144003,1800.129609,10204.1633,5001.0002
14.47764,10004.0016,24824.62603,69794.30735,1400.078404,5601.254681,41669.33778,2600.270428,1000.040002,7602.311103,3400.462463
14.64778,13607.40243,19014.45098,75628.09433,3400.462463,4000.640102,26628.33255,1400.078404,2600.270428,9603.687816,6001.440346
14.81793,11805.57223,14808.76679,93548.74974,3200.409652,3600.518475,31238.98625,600.0144003,1000.040002,10204.1633,1000.040002
14.98814,8202.690482,31238.98625,85894.1014,4200.705719,4800.921777,26227.48641,1200.057603,800.0256008,11805.57223,6601.74286
15.15836,14007.84439,23622.29945,51305.07279,2200.193617,3600.518475,19415.06609,1800.129609,1000.040002,10604.49631,4600.846556
15.32857,13006.76352,27430.06335,58938.62364,3200.409652,6401.63882,62757.14389,1600.102407,1400.078404,9003.241167,4200.705719
15.49879,7202.074197,17812.68263,66174.70121,5001.0002,5601.254681,25826.65311,1200.057603,2200.193617,8402.823349,2200.193617
15.66908,6401.63882,17011.56787,79250.43136,3400.462463,5201.081825,29033.67907,400.0064001,1000.040002,9603.687816,4600.846556
15.83922,8002.560819,30437.01141,97377.82596,1400.078404,5001.0002,34447.39962,1000.040002,1200.057603,4200.705719,6001.440346
16.00944,13407.18625,28031.39516,92944.26556,1600.102407,3400.462463,22420.0884,0,2400.230422,14208.07018,7602.311103
16.17965,13206.97328,24023.06214,77237.89271,2000.160013,5001.0002,54518.63254,2600.270428,800.0256008,8602.959418,3200.409652
16.34986,10204.1633,14408.29918,52710.90374,3400.462463,5201.081825,27630.50408,600.0144003,800.0256008,8803.098691,3400.462463
16.52014,6601.74286,19214.75693,74823.27265,3200.409652,5001.0002,40866.69445,600.0144003,1000.040002,8803.098691,3600.518475
16.69039,9203.386846,20016.01281,133509.2009,1600.102407,4800.921777,22420.0884,800.0256008,1400.078404,8402.823349,7001.960549
16.86052,19615.37846,33244.14823,63159.16109,2200.193617,3800.577688,23421.92292,400.0064001,800.0256008,10204.1633,5801.345912
17.03075,13807.62181,22620.44889,72207.95892,1200.057603,5201.081825,30036.04325,800.0256008,2400.230422,7001.960549,4800.921777
17.20095,13607.40243,22620.44889,55121.26679,2000.160013,5201.081825,37456.03423,2000.160013,2400.230422,14608.53138,4400.774536
17.37116,8803.098691,14208.07018,58737.68112,1600.102407,4400.774536,46687.02461,600.0144003,1400.078404,7202.074197,4000.640102
17.54138,7402.191049,16611.02972,96571.60755,3600.518475,6601.74286,29234.14548,600.0144003,1600.102407,6801.850103,3400.462463
17.71167,14208.07018,32642.56591,73414.959,2600.270428,5001.0002,21819.02619,1200.057603,1000.040002,15409.49225,9803.843106
17.88181,12806.55696,28833.21586,66978.9678,1200.057603,4600.846556,40264.74571,800.0256008,1800.129609,9803.843106,3600.518475
18.05203,12005.76277,22820.81258,61551.16967,1400.078404,9003.241167,39863.46263,800.0256008,800.0256008,7001.960549,4200.705719
18.22225,7802.43436,18413.55237,42873.39926,3000.360043,6401.63882,27630.50408,600.0144003,2000.160013,8602.959418,2600.270428
18.39246,5001.0002,16811.29719,128860.7982,2000.160013,3000.360043,21217.99286,1200.057603,800.0256008,3200.409652,3200.409652
18.56283,7202.074197,32642.56591,114522.2213,2200.193617,4000.640102,18814.14824,600.0144003,1400.078404,10204.1633,8202.690482
18.73304,17011.56787,21418.33409,71805.65139,1600.102407,5601.254681,26828.76043,600.0144003,2800.313635,12005.76277,4000.640102
18.90326,11205.01985,23822.67919,67783.28601,3800.577688,5801.345912,37857.24015,1600.102407,600.0144003,10004.0016,5201.081825
19.07348,12406.15345,19014.45098,65169.44055,5401.166652,6001.440346,24423.83767,1000.040002,1000.040002,8202.690482,4600.846556
19.24369,11004.84213,26227.48641,91533.91572,2800.313635,6001.440346,26227.48641,800.0256008,800.0256008,6201.537981,2200.193617
19.41397,8602.959418,33444.6821,116944.4936,1800.129609,4000.640102,23221.5496,0,1800.129609,6801.850103,6601.74286
19.58421,20616.9884,34647.95277,87303.81728,3800.577688,5401.166652,17612.39913,600.0144003,1200.057603,11004.84213,5001.0002
19.75434,11605.3849,17812.68263,48694.66242,2000.160013,6601.74286,34647.95277,1800.129609,1000.040002,9803.843106,4600.846556
19.92455,11805.57223,24223.4483,83276.47791,3200.409652,4800.921777,34447.39962,800.0256008,1000.040002,8803.098691,5601.254681
20.09477,8803.098691,20817.32001,83679.15366,1800.129609,6201.537981,34246.84969,1000.040002,600.0144003,10604.49631,2400.230422
20.26498,7202.074197,28833.21586,91130.98775,2000.160013,3200.409652,22820.81258,1200.057603,2200.193617,6801.850103,2600.270428
20.43527,18814.14824,29033.67907,69593.1907,2000.160013,3200.409652,16811.29719,1000.040002,2400.230422,15609.74048,6201.537981
20.60548,10204.1633,22019.37705,58938.62364,2600.270428,4800.921777,34046.30297,2000.160013,2000.160013,12205.95651,4600.846556
20.77562,9603.687816,13807.62181,50301.00442,3800.577688,8002.560819,29434.61511,1000.040002,2000.160013,7001.960549,5601.254681
20.94583,6001.440346,15609.74048,45081.14606,5201.081825,5601.254681,27630.50408,1000.040002,1000.040002,8002.560819,4200.705719
21.11605,6601.74286,24023.06214,88310.85421,2600.270428,5401.166652,27430.06335,1200.057603,2200.193617,8002.560819,2000.160013
21.28626,14208.07018,41870.00665,76030.52455,1600.102407,3000.360043,21418.33409,200.0016,2000.160013,13206.97328,4400.774536
21.45656,14208.07018,19214.75693,72610.27937,1200.057603,5601.254681,36854.24946,1200.057603,1200.057603,11004.84213,2800.313635
21.62679,9203.386846,15209.24722,56527.5261,1600.102407,5401.166652,41669.33778,1000.040002,2200.193617,5601.254681,4000.640102
21.79692,13407.18625,20016.01281,55322.15131,3400.462463,5801.345912,27430.06335,1000.040002,1800.129609,6601.74286,3200.409652
21.96713,7802.43436,17412.11883,69190.96707,2600.270428,6201.537981,29835.56399,800.0256008,1600.102407,10004.0016,4600.846556
22.13737,8402.823349,27430.06335,78042.86941,3200.409652,4000.640102,27229.62583,600.0144003,0,11004.84213,7602.311103
22.30756,14808.76679,24223.4483,79451.703,3600.518475,3200.409652,40064.10256,1200.057603,3400.462463,11605.3849,3200.409652
22.47786,9403.535729,23021.17949,89317.97198,2400.230422,5801.345912,44478.99469,2600.270428,1200.057603,8002.560819,3600.518475
22.64806,8803.098691,14007.84439,48694.66242,4400.774536,6601.74286,30637.5003,800.0256008,1200.057603,8402.823349,3400.462463
22.81821,7402.191049,12406.15345,66978.9678,3600.518475,4800.921777,27029.19153,400.0064001,1000.040002,8002.560819,3600.518475
22.98842,10604.49631,28231.84552,100199.9984,3400.462463,4200.705719,21217.99286,400.0064001,1000.040002,7402.191049,6201.537981
23.15865,9403.535729,25025.02503,71001.07504,2400.230422,4200.705719,25425.83265,400.0064001,2400.230422,15009.0054,4000.640102
23.32886,7001.960549,26628.33255,69392.07727,3200.409652,7001.960549,56527.5261,1800.129609,1200.057603,10204.1633,4000.640102
23.49908,10204.1633,25826.65311,58737.68112,5201.081825,6001.440346,29434.61511,1200.057603,2000.160013,9003.241167,4000.640102
23.66937,10004.0016,20016.01281,80458.10962,2400.230422,8402.823349,26427.90787,0,800.0256008,8602.959418,3000.360043
23.83952,12406.15345,30437.01141,125022.11,2600.270428,7001.960549,26427.90787,800.0256008,800.0256008,7802.43436,6401.63882
24.00973,14808.76679,24624.23024,56527.5261,3400.462463,5401.166652,21418.33409,1000.040002,2000.160013,11004.84213,5201.081825
24.17994,10804.66762,23822.67919,93750.25094,2000.160013,6001.440346,35049.0687,2000.160013,2600.270428,14608.53138,5801.345912
24.35015,7602.311103,23421.92292,57532.09369,5401.166652,5401.166652,41067.35045,1000.040002,1800.129609,8202.690482,5401.166652
24.52038,7001.960549,14808.76679,99393.59865,2600.270428,4400.774536,23421.92292,1000.040002,400.0064001,7802.43436,3400.462463
24.69067,4200.705719,30637.5003,100603.2177,2800.313635,5001.0002,29835.56399,600.0144003,1400.078404,8002.560819,5201.081825
24.86081,7802.43436,25025.02503,72811.44443,1800.129609,4600.846556,31038.48772,1000.040002,1200.057603,13607.40243,6801.850103
25.03103,13607.40243,37255.43609,74622.0753,2800.313635,4200.705719,42873.39926,1600.102407,1800.129609,10004.0016,5401.166652
25.20124,6001.440346,26227.48641,67582.20162,3800.577688,6601.74286,45884.0596,1200.057603,1400.078404,4600.846556,5201.081825
25.37145,5801.345912,19014.45098,54518.63254,5201.081825,5401.166652,31639.99295,600.0144003,1600.102407,7602.311103,3600.518475
25.54166,4600.846556,13206.97328,125022.11,4000.640102,9803.843106,24824.62603,800.0256008,1200.057603,5601.254681,3800.577688
25.71196,16210.50441,35049.0687,88713.69161,2800.313635,3800.577688,35450.19748,800.0256008,1200.057603,8602.959418,3800.577688
25.88211,11205.01985,21618.67854,64968.39809,1800.129609,5001.0002,31038.48772,1200.057603,2400.230422,13807.62181,6001.440346
26.05233,9403.535729,24624.23024,84081.84234,2800.313635,6801.850103,37857.24015,1800.129609,1200.057603,13206.97328,6201.537981
26.22253,7602.311103,18012.96934,43876.87228,5601.254681,4400.774536,34246.84969,1600.102407,1200.057603,6801.850103,3600.518475
26.39274,4400.774536,21618.67854,92541.29229,2600.270428,4400.774536,32041.0125,1400.078404,600.0144003,9403.535729,3200.409652
26.56298,6201.537981,28231.84552,83880.49638,2400.230422,5401.166652,17211.84175,1000.040002,1600.102407,6201.537981,7202.074197
26.73327,9603.687816,20416.65999,101812.9533,1800.129609,6801.850103,31840.50112,1000.040002,2000.160013,15209.24722,3600.518475
26.90342,9803.843106,22420.0884,65370.48623,2800.313635,6401.63882,45884.0596,2000.160013,200.0016,10204.1633,3400.462463
27.07365,8402.823349,20416.65999,78244.12166,3800.577688,5601.254681,30437.01141,200.0016,2000.160013,5201.081825,4200.705719
27.24386,5201.081825,15609.74048,55723.93002,3000.360043,7402.191049,25025.02503,600.0144003,1600.102407,7602.311103,4000.640102
27.41406,8002.560819,22019.37705,79854.25595,2600.270428,5601.254681,30637.5003,600.0144003,1200.057603,8002.560819,3400.462463
27.58429,14608.53138,26227.48641,75426.88407,1000.040002,3600.518475,28833.21586,1600.102407,2200.193617,9003.241167,5201.081825
27.75457,10404.3282,23021.17949,77237.89271,2200.193617,5401.166652,46486.27853,1200.057603,1800.129609,9603.687816,7001.960549
27.92473,12406.15345,54317.76091,48493.88416,4000.640102,5601.254681,28432.29909,600.0144003,2200.193617,9003.241167,4000.640102
28.09494,8002.560819,16410.76546,64365.29006,2000.160013,4800.921777,34046.30297,800.0256008,800.0256008,8202.690482,3200.409652
28.26515,9003.241167,25225.42723,114320.3864,3400.462463,6201.537981,23021.17949,1200.057603,600.0144003,5001.0002,7402.191049
28.43535,10004.0016,23822.67919,70196.55034,2400.230422,7001.960549,24423.83767,400.0064001,1000.040002,6801.850103,5201.081825
28.60558,9003.241167,20616.9884,67783.28601,800.0256008,5601.254681,55121.26679,1800.129609,1600.102407,8202.690482,7001.960549
28.77588,10404.3282,18213.25925,65571.53514,3200.409652,6401.63882,48493.88416,1200.057603,1200.057603,8202.690482,5401.166652
28.94602,9203.386846,15409.49225,41870.00665,3400.462463,4600.846556,25025.02503,1800.129609,1400.078404,5201.081825,4200.705719
29.11616,6801.850103,18213.25925,132700.6595,2800.313635,7202.074197,24824.62603,600.0144003,1400.078404,10404.3282,4400.774536
29.2863,10604.49631,27229.62583,80055.53727,4000.640102,3600.518475,25025.02503,800.0256008,2000.160013,13006.76352,9203.386846
29.45652,13607.40243,25626.24127,79854.25595,2200.193617,4800.921777,26427.90787,800.0256008,2000.160013,9803.843106,5601.254681
29.62673,14208.07018,16410.76546,63360.17452,3000.360043,6601.74286,35851.33912,1800.129609,2000.160013,8002.560819,3000.360043
29.79695,9803.843106,18012.96934,57331.17373,5401.166652,4000.640102,36051.91476,1400.078404,1800.129609,11205.01985,3800.577688
29.96726,5001.0002,23622.29945,75829.30783,2800.313635,6001.440346,28031.39516,800.0256008,1000.040002,7001.960549,5201.081825
30.13748,15609.74048,30236.52572,75024.47322,2800.313635,6201.537981,21017.65483,600.0144003,1000.040002,14007.84439,7402.191049
30.30763,13807.62181,26427.90787,88713.69161,2200.193617,2800.313635,32442.04489,1400.078404,2000.160013,9603.687816,5401.166652
30.47786,8402.823349,28031.39516,89116.54196,2600.270428,5801.345912,63762.21106,1800.129609,1600.102407,11805.57223,4600.846556
30.64806,8803.098691,20416.65999,46285.53567,5801.345912,5001.0002,27229.62583,1400.078404,400.0064001,9003.241167,5001.0002
30.81826,6401.63882,16611.02972,99998.3936,4000.640102,2600.270428,28833.21586,1200.057603,400.0064001,5801.345912,5001.0002
30.98849,6201.537981,25025.02503,92339.8105,1400.078404,3200.409652,25425.83265,400.0064001,1000.040002,8002.560819,6201.537981
31.15876,10204.1633,19815.69403,65169.44055,3400.462463,4000.640102,23622.29945,1000.040002,2200.193617,19415.06609,3200.409652
31.3289,11805.57223,19014.45098,85491.35454,2800.313635,4600.846556,44679.7086,1200.057603,1400.078404,11205.01985,2200.193617
31.49913,8602.959418,19415.06609,62556.14013,2800.313635,7402.191049,32442.04489,400.0064001,2400.230422,9003.241167,3400.462463
31.66933,7001.960549,15209.24722,77237.89271,2600.270428,4800.921777,19214.75693,200.0016,400.0064001,6401.63882,3600.518475
31.83954,7802.43436,28833.21586,90123.72442,1800.129609,4600.846556,21618.67854,400.0064001,1400.078404,4200.705719,5601.254681
32.00977,14608.53138,26027.06815,64968.39809,2000.160013,4600.846556,23822.67919,600.0144003,1200.057603,7202.074197,3800.577688
32.18006,9803.843106,21819.02619,71805.65139,2200.193617,5201.081825,40666.04165,600.0144003,1600.102407,11805.57223,6601.74286
32.35019,10804.66762,23622.29945,80458.10962,3600.518475,6601.74286,33845.75947,2000.160013,2200.193617,9403.535729,3600.518475
32.52041,9603.687816,16210.50441,69995.42723,2400.230422,7202.074197,29234.14548,1400.078404,1200.057603,7602.311103,3000.360043
32.69062,8002.560819,28833.21586,122396.3148,2200.193617,4200.705719,22620.44889,1000.040002,1000.040002,7402.191049,3600.518475
32.86083,15809.99191,30437.01141,66777.89632,1800.129609,2400.230422,24223.4483,800.0256008,2600.270428,12406.15345,8202.690482
33.0312,12606.3536,21418.33409,76030.52455,3200.409652,4200.705719,56125.72162,1800.129609,1200.057603,6801.850103,5401.166652
33.20142,13006.76352,22820.81258,67984.37362,3800.577688,8402.823349,40264.74571,1600.102407,1600.102407,13206.97328,4200.705719
33.37177,6801.850103,17612.39913,51305.07279,4400.774536,4600.846556,27630.50408,1200.057603,1800.129609,9003.241167,3600.518475
33.54201,9003.241167,23021.17949,89116.54196,3800.577688,7802.43436,25425.83265,1200.057603,2000.160013,6601.74286,3400.462463
33.71229,13807.62181,30236.52572,101208.0709,2400.230422,2800.313635,22820.81258,600.0144003,2400.230422,9403.535729,6201.537981
33.88243,7402.191049,19415.06609,67984.37362,2400.230422,3200.409652,31238.98625,800.0256008,3000.360043,12406.15345,3800.577688
34.05268,14408.29918,21217.99286,75426.88407,3800.577688,6601.74286,46887.77391,1000.040002,1200.057603,13006.76352,5401.166652
34.22285,12406.15345,21017.65483,83075.14488,3000.360043,6401.63882,32041.0125,1000.040002,2000.160013,12406.15345,6001.440346
34.39307,9603.687816,22420.0884,88310.85421,3800.577688,5001.0002,37456.03423,1200.057603,2200.193617,6601.74286,2800.313635
34.56329,8602.959418,37857.24015,74219.69028,4200.705719,4800.921777,23822.67919,1200.057603,2400.230422,9003.241167,5401.166652
34.73358,11205.01985,20416.65999,57933.94328,3000.360043,4000.640102,21418.33409,800.0256008,1400.078404,10204.1633,3800.577688
34.90371,8803.098691,16410.76546,69995.42723,3400.462463,5001.0002,44077.57653,1600.102407,1400.078404,11605.3849,3200.409652
35.07394,9203.386846,25626.24127,51305.07279,3200.409652,5201.081825,33043.61758,1800.129609,1400.078404,12005.76277,7402.191049
35.24415,8803.098691,20616.9884,80860.69488,3800.577688,5401.166652,23221.5496,800.0256008,1000.040002,6601.74286,4200.705719
35.41436,7802.43436,27430.06335,90728.07271,2000.160013,4600.846556,27630.50408,1000.040002,1200.057603,7602.311103,8002.560819
35.58458,10404.3282,19214.75693,85088.6206,2000.160013,3800.577688,24023.06214,400.0064001,1800.129609,11205.01985,5001.0002
35.75486,12005.76277,16611.02972,54317.76091,1400.078404,5601.254681,34447.39962,1600.102407,2000.160013,8803.098691,6001.440346
35.92501,11004.84213,16210.50441,51505.89612,3200.409652,6801.850103,42672.71431,600.0144003,1600.102407,10404.3282,3400.462463
36.09521,7802.43436,22219.73112,75628.09433,2800.313635,5001.0002,28632.75587,1200.057603,2000.160013,9603.687816,2600.270428
36.26543,8202.690482,27630.50408,109477.3211,3000.360043,4000.640102,22219.73112,200.0016,1600.102407,6201.537981,5201.081825
36.43563,15209.24722,14208.07018,66576.82806,2400.230422,4600.846556,20216.3348,600.0144003,2000.160013,11405.20077,4600.846556
36.60585,11205.01985,24624.23024,82471.16519,4600.846556,4200.705719,34246.84969,800.0256008,1600.102407,8803.098691,2800.313635
36.77615,9603.687816,27630.50408,66978.9678,4200.705719,9203.386846,31439.488,1000.040002,1400.078404,12005.76277,5001.0002
36.94629,8002.560819,15009.0054,65571.53514,3600.518475,7001.960549,34246.84969,1400.078404,2000.160013,7602.311103,4400.774536
37.11652,6201.537981,20016.01281,147667.1012,2800.313635,5001.0002,21819.02619,1200.057603,600.0144003,6201.537981,4400.774536
37.28673,8402.823349,28031.39516,71202.21429,3200.409652,4200.705719,23421.92292,1000.040002,2600.270428,13607.40243,6001.440346
37.45693,12205.95651,16010.24656,80659.40063,1400.078404,4800.921777,32442.04489,800.0256008,1000.040002,8602.959418,4400.774536
37.62715,11004.84213,21418.33409,64365.29006,2800.313635,7202.074197,38860.3112,1200.057603,1200.057603,11805.57223,5801.345912
37.79744,9003.241167,23221.5496,73213.78425,3800.577688,3200.409652,56125.72162,2000.160013,1200.057603,8602.959418,3200.409652
37.96758,4600.846556,17211.84175,69995.42723,3800.577688,7202.074197,21217.99286,400.0064001,1200.057603,11205.01985,4600.846556
38.1378,13407.18625,32041.0125,72409.11753,2400.230422,5201.081825,20216.3348,800.0256008,2400.230422,9203.386846,8803.098691
38.30801,10604.49631,21217.99286,71202.21429,3200.409652,5801.345912,27029.19153,1600.102407,2600.270428,14608.53138,3400.462463
38.47822,12606.3536,21418.33409,76634.1941,1400.078404,5801.345912,31038.48772,2600.270428,600.0144003,7001.960549,5401.166652
38.64844,9403.535729,19615.37846,80860.69488,3400.462463,6401.63882,36252.49361,3200.409652,800.0256008,8602.959418,4800.921777
38.81873,6001.440346,16210.50441,93347.25178,3800.577688,4400.774536,38459.07314,1200.057603,400.0064001,6801.850103,2200.193617
38.98888,6801.850103,30236.52572,112302.2155,2200.193617,4200.705719,28833.21586,1000.040002,1800.129609,8803.098691,9403.535729
39.15913,10004.0016,18413.55237,77036.65661,3200.409652,3800.577688,22420.0884,800.0256008,1800.129609,15609.74048,4000.640102
39.32933,9003.241167,29835.56399,52309.22165,1800.129609,7602.311103,41669.33778,2200.193617,1400.078404,4600.846556,3600.518475
39.49953,8002.560819,20016.01281,58737.68112,3800.577688,6401.63882,27229.62583,600.0144003,1400.078404,12806.55696,4800.921777
39.66974,7602.311103,15409.49225,86699.63393,3200.409652,3400.462463,31038.48772,200.0016,400.0064001,9403.535729,5401.166652
39.84003,10204.1633,48694.66242,113109.4449,3200.409652,5001.0002,22219.73112,1400.078404,1400.078404,8002.560819,5001.0002
40.01018,11205.01985,25626.24127,82672.48852,2600.270428,3800.577688,25025.02503,600.0144003,800.0256008,9403.535729,5601.254681
40.1804,8402.823349,13607.40243,68185.46446,1800.129609,5001.0002,30036.04325,2000.160013,1400.078404,12406.15345,5401.166652
40.35062,6801.850103,18012.96934,62958.15087,3400.462463,5801.345912,30036.04325,1200.057603,600.0144003,10204.1633,8202.690482
40.52083,10204.1633,19415.06609,64566.32285,3000.360043,5201.081825,33444.6821,1200.057603,1600.102407,7202.074197,2800.313635
40.69102,5001.0002,28632.75587,105241.171,3800.577688,5001.0002,27830.94801,400.0064001,1600.102407,10004.0016,5201.081825
40.86132,9203.386846,27229.62583,75024.47322,3000.360043,3800.577688,24624.23024,1000.040002,1400.078404,13807.62181,6801.850103
41.03156,10004.0016,22820.81258,68989.86009,1600.102407,5401.166652,30837.99241,2200.193617,1200.057603,8602.959418,4000.640102
41.20169,6401.63882,19014.45098,62154.14227,4400.774536,8602.959418,39462.19242,1400.078404,2000.160013,12606.3536,2400.230422
41.3719,9403.535729,16811.29719,66777.89632,2600.270428,4400.774536,35650.76669,1800.129609,1400.078404,7001.960549,4600.846556
41.54211,5801.345912,21418.33409,102619.5086,3600.518475,5001.0002,26027.06815,400.0064001,1400.078404,6601.74286,4200.705719
41.71232,9603.687816,31038.48772,84685.8996,2200.193617,6201.537981,25626.24127,0,1200.057603,12205.95651,7202.074197
41.88262,11805.57223,20616.9884,76030.52455,2000.160013,5201.081825,21217.99286,1800.129609,1000.040002,9403.535729,4400.774536
42.05284,9003.241167,20216.3348,71202.21429,3200.409652,6201.537981,30837.99241,400.0064001,1200.057603,4800.921777,5801.345912
42.22298,9603.687816,14608.53138,57532.09369,5601.254681,5801.345912,30437.01141,600.0144003,600.0144003,8803.098691,3800.577688
42.39321,8202.690482,19615.37846,95563.90736,3400.462463,5801.345912,30236.52572,1000.040002,800.0256008,10404.3282,3800.577688
42.56341,7202.074197,23221.5496,71604.50246,1600.102407,5201.081825,30437.01141,1200.057603,1400.078404,13407.18625,5801.345912
42.73362,15409.49225,22620.44889,60144.34643,3400.462463,3600.518475,26828.76043,1000.040002,1600.102407,11004.84213,3800.577688
42.904,7402.191049,29434.61511,77237.89271,3000.360043,3400.462463,33444.6821,600.0144003,1800.129609,13206.97328,4400.774536
43.07423,8402.823349,16010.24656,60345.31151,3200.409652,5601.254681,40866.69445,1600.102407,1800.129609,8602.959418,7001.960549
43.24445,4800.921777,14007.84439,65370.48623,3000.360043,6001.440346,35450.19748,600.0144003,1200.057603,8602.959418,2400.230422
43.41465,9203.386846,40465.39207,84887.25848,2400.230422,5801.345912,38860.3112,1200.057603,200.0016,8002.560819,6801.850103
43.58488,15809.99191,23221.5496,83477.81417,3000.360043,6401.63882,33845.75947,1200.057603,2400.230422,12005.76277,3800.577688
43.75517,12205.95651,26227.48641,76835.42374,2600.270428,5201.081825,29635.08794,600.0144003,600.0144003,5601.254681,4000.640102
43.92532,9803.843106,18413.55237,59541.47053,3000.360043,5001.0002,31840.50112,1800.129609,1000.040002,7802.43436,5401.166652
44.09555,7602.311103,15409.49225,78445.37714,4200.705719,6001.440346,27830.94801,800.0256008,2400.230422,10004.0016,4000.640102
44.26576,7802.43436,26628.33255,106451.3537,3800.577688,7602.311103,23421.92292,200.0016,1000.040002,6801.850103,7802.43436
44.43597,17011.56787,20416.65999,62355.13959,3400.462463,6001.440346,21418.33409,800.0256008,800.0256008,9403.535729,5601.254681
44.60619,14007.84439,24624.23024,78646.63585,3000.360043,4800.921777,36252.49361,1200.057603,1600.102407,8803.098691,5201.081825
44.77648,9403.535729,23622.29945,69995.42723,2400.230422,5601.254681,22620.44889,1200.057603,1600.102407,11405.20077,3400.462463
44.94664,6601.74286,18814.14824,52510.06109,3800.577688,6201.537981,42271.35405,1400.078404,2200.193617,9803.843106,4600.846556
45.11678,10204.1633,18814.14824,106854.7739,4000.640102,5201.081825,27430.06335,1000.040002,1400.078404,8402.823349,6001.440346
45.28692,14007.84439,30036.04325,70397.67668,3800.577688,5001.0002,17612.39913,400.0064001,1600.102407,12205.95651,9403.535729
45.45713,10804.66762,21819.02619,79250.43136,1400.078404,3800.577688,37255.43609,1000.040002,2800.313635,7802.43436,3000.360043
45.62738,12806.55696,17612.39913,55523.03905,4000.640102,6601.74286,48092.33729,1800.129609,1800.129609,6601.74286,6201.537981
45.79756,7001.960549,20817.32001,58335.80576,2400.230422,6401.63882,26628.33255,800.0256008,1200.057603,5201.081825,4400.774536
45.96786,9603.687816,19415.06609,86901.02515,3200.409652,5801.345912,36252.49361,1000.040002,1600.102407,7001.960549,4600.846556
46.13809,11805.57223,29835.56399,73616.13698,2800.313635,4800.921777,24023.06214,600.0144003,1600.102407,9803.843106,5801.345912
46.30823,16611.02972,22420.0884,67783.28601,3000.360043,3400.462463,28833.21586,2000.160013,2600.270428,9603.687816,3200.409652
46.47844,9803.843106,31038.48772,83679.15366,3400.462463,4800.921777,29033.67907,1400.078404,800.0256008,11405.20077,7001.960549
46.64865,8202.690482,16410.76546,54317.76091,3200.409652,3600.518475,36453.07568,0,1400.078404,14007.84439,5401.166652
46.81886,6601.74286,20216.3348,82672.48852,6201.537981,6201.537981,25626.24127,1000.040002,400.0064001,5401.166652,4200.705719
46.9891,10204.1633,32442.04489,105644.5523,2200.193617,5601.254681,23822.67919,200.0016,1200.057603,8602.959418,5601.254681
47.15938,14007.84439,21618.67854,92541.29229,3200.409652,5401.166652,20817.32001,400.0064001,2200.193617,11405.20077,4800.921777
47.32952,8602.959418,19815.69403,82471.16519,2600.270428,6401.63882,42271.35405,600.0144003,800.0256008,5001.0002,4000.640102
47.49975,9003.241167,18814.14824,51907.55245,2600.270428,3400.462463,32241.52709,1600.102407,2400.230422,12005.76277,3600.518475
47.66995,8202.690482,13807.62181,82269.84509,2400.230422,5001.0002,28231.84552,800.0256008,600.0144003,5601.254681,3200.409652
47.8403,6601.74286,32642.56591,114522.2213,3200.409652,4600.846556,34246.84969,800.0256008,1400.078404,9203.386846,6601.74286
48.01053,12205.95651,21418.33409,58737.68112,1400.078404,4600.846556,25225.42723,1200.057603,2400.230422,10804.66762,3000.360043
48.18077,10404.3282,21618.67854,73817.31818,3400.462463,4000.640102,38258.45893,1000.040002,1400.078404,13607.40243,5401.166652
48.35097,9603.687816,13807.62181,68386.55853,3600.518475,6001.440346,29434.61511,600.0144003,2400.230422,8202.690482,3600.518475
48.52118,9803.843106,23822.67919,75829.30783,2800.313635,6401.63882,46285.53567,800.0256008,1600.102407,9003.241167,5801.345912
48.69139,7802.43436,30637.5003,91332.45012,3000.360043,6401.63882,32442.04489,600.0144003,1400.078404,8402.823349,5801.345912
48.86167,11004.84213,29635.08794,59340.51835,2200.193617,5201.081825,22019.37705,800.0256008,1600.102407,12606.3536,5001.0002
49.03191,11004.84213,26027.06815,72006.80354,1800.129609,5201.081825,29835.56399,1200.057603,1200.057603,9603.687816,5601.254681
49.20205,14408.29918,19415.06609,65772.58727,4600.846556,7202.074197,37857.24015,1400.078404,2200.193617,12606.3536,4200.705719
49.37227,6801.850103,16811.29719,44478.99469,1800.129609,3600.518475,31639.99295,1400.078404,1800.129609,8602.959418,4200.705719
49.54249,8402.823349,16010.24656,86901.02515,2000.160013,5401.166652,29234.14548,600.0144003,600.0144003,7001.960549,2800.313635
49.71269,12205.95651,39462.19242,80860.69488,1800.129609,5201.081825,28231.84552,200.0016,2000.160013,8803.098691,8402.823349
49.88298,12406.15345,21017.65483,81867.21459,1400.078404,4200.705719,34046.30297,800.0256008,1800.129609,11405.20077,5001.0002
50.05321,7802.43436,20416.65999,69190.96707,2800.313635,5201.081825,42873.39926,1800.129609,1400.078404,11004.84213,3800.577688
50.22334,10804.66762,14808.76679,57532.09369,4200.705719,5201.081825,26828.76043,600.0144003,800.0256008,9003.241167,6401.63882
50.39356,5401.166652,20416.65999,107056.4889,4200.705719,4600.846556,43274.77882,1000.040002,600.0144003,6001.440346,3400.462463
50.56376,12406.15345,32843.09013,75225.67703,3000.360043,5001.0002,27229.62583,600.0144003,1800.129609,11605.3849,7202.074197
50.73398,13407.18625,23221.5496,78847.89779,2200.193617,4800.921777,35650.76669,1200.057603,3200.409652,10004.0016,4200.705719
50.90427,9803.843106,29234.14548,56527.5261,2800.313635,4400.774536,45281.86962,600.0144003,1000.040002,12005.76277,2800.313635
51.07451,12606.3536,20216.3348,59742.42594,6001.440346,5601.254681,31840.50112,600.0144003,1800.129609,10804.66762,3600.518475
51.24464,8402.823349,16010.24656,61350.18525,3000.360043,6201.537981,31038.48772,400.0064001,1200.057603,8402.823349,2800.313635
51.41485,11405.20077,35249.63148,91332.45012,3600.518475,4000.640102,27830.94801,400.0064001,1200.057603,7402.191049,4800.921777
51.58508,10804.66762,15409.49225,63762.21106,2800.313635,5401.166652,27830.94801,1400.078404,2800.313635,17211.84175,4000.640102
51.75544,8803.098691,19214.75693,63159.16109,3200.409652,7202.074197,42672.71431,1800.129609,600.0144003,8002.560819,4800.921777
51.92565,9803.843106,16410.76546,53916.02729,4000.640102,8402.823349,29434.61511,800.0256008,1000.040002,10604.49631,3600.518475
52.0959,6401.63882,21217.99286,58938.62364,3400.462463,5401.166652,35450.19748,1400.078404,1800.129609,8002.560819,4400.774536
52.26609,6001.440346,26427.90787,108670.3252,3400.462463,5801.345912,22620.44889,1000.040002,600.0144003,8602.959418,6801.850103
52.4363,8402.823349,29033.67907,67582.20162,1800.129609,5001.0002,26027.06815,1400.078404,1600.102407,9403.535729,4600.846556
52.60652,12205.95651,22620.44889,77439.13204,3600.518475,5401.166652,46285.53567,1800.129609,1800.129609,8002.560819,6201.537981
52.77681,7001.960549,34447.39962,78042.86941,3600.518475,6001.440346,35249.63148,1000.040002,2200.193617,10404.3282,5401.166652
52.94695,5201.081825,15809.99191,51305.07279,3800.577688,6601.74286,33043.61758,400.0064001,1000.040002,8402.823349,3000.360043
53.11716,7001.960549,22620.44889,93347.25178,3400.462463,5601.254681,30236.52572,800.0256008,400.0064001,6201.537981,5001.0002
53.28753,16611.02972,25826.65311,94153.26304,3000.360043,6001.440346,30837.99241,600.0144003,600.0144003,13206.97328,5401.166652
53.45783,12406.15345,20616.9884,68587.65583,3000.360043,6601.74286,36653.66096,600.0144003,1600.102407,14208.07018,5401.166652
53.62805,11004.84213,21418.33409,67984.37362,2400.230422,2800.313635,30236.52572,1400.078404,1800.129609,13407.18625,2400.230422
53.79819,6601.74286,21819.02619,69794.30735,2600.270428,4400.774536,42672.71431,1600.102407,1000.040002,10004.0016,4200.705719
53.96856,7202.074197,17812.68263,66978.9678,3200.409652,6601.74286,36653.66096,1800.129609,200.0016,10404.3282,3200.409652
54.13877,10404.3282,29635.08794,74622.0753,4200.705719,5201.081825,24023.06214,200.0016,2400.230422,10604.49631,5001.0002
54.30906,10604.49631,29835.56399,93347.25178,800.0256008,3200.409652,33043.61758,1200.057603,2000.160013,10404.3282,5001.0002
54.47922,7202.074197,17412.11883,89720.84173,2400.230422,5401.166652,37857.24015,1200.057603,2400.230422,9403.535729,3200.409652
54.64944,6401.63882,19815.69403,65169.44055,4400.774536,4600.846556,29635.08794,1000.040002,2000.160013,8002.560819,2600.270428
54.81964,7802.43436,25826.65311,80458.10962,4000.640102,5001.0002,37656.63558,800.0256008,1600.102407,5201.081825,3000.360043
54.98986,9003.241167,20216.3348,102417.8649,3800.577688,5401.166652,25025.02503,400.0064001,1000.040002,12005.76277,5201.081825
55.16007,9803.843106,15409.49225,75024.47322,2400.230422,5401.166652,38459.07314,1200.057603,3000.360043,14208.07018,4000.640102
55.33036,9803.843106,24223.4483,64968.39809,3000.360043,7402.191049,38057.84793,800.0256008,800.0256008,9603.687816,5601.254681
55.50051,7802.43436,17412.11883,59742.42594,4000.640102,3400.462463,25425.83265,0,1600.102407,3600.518475,4000.640102
55.67072,7001.960549,17211.84175,106249.6485,4400.774536,4800.921777,27229.62583,800.0256008,600.0144003,5801.345912,4000.640102
55.84092,7202.074197,25025.02503,75024.47322,5601.254681,6801.850103,31038.48772,1200.057603,1800.129609,8402.823349,6601.74286
56.01114,11004.84213,25425.83265,67582.20162,2000.160013,6601.74286,22820.81258,600.0144003,2600.270428,17412.11883,5801.345912
56.18135,8602.959418,22019.37705,63963.23417,1400.078404,4400.774536,33444.6821,1000.040002,1600.102407,8202.690482,6801.850103
56.35164,10404.3282,13807.62181,56728.43317,3200.409652,5801.345912,37255.43609,800.0256008,1600.102407,10404.3282,5401.166652
56.5218,9003.241167,12406.15345,62355.13959,3200.409652,6801.850103,32442.04489,1400.078404,1400.078404,5201.081825,5001.0002
56.692,7602.311103,19815.69403,80860.69488,2200.193617,5201.081825,28632.75587,800.0256008,1400.078404,7202.074197,6401.63882
56.86223,15809.99191,25626.24127,62757.14389,2600.270428,4000.640102,25425.83265,1200.057603,2600.270428,14608.53138,6801.850103
57.03245,7402.191049,20616.9884,75426.88407,2000.160013,3800.577688,58134.87291,2600.270428,1600.102407,8803.098691,6801.850103
57.20266,9803.843106,19014.45098,66576.82806,3400.462463,9803.843106,35249.63148,1400.078404,1800.129609,11004.84213,3000.360043
57.37294,8202.690482,15809.99191,52710.90374,6001.440346,6001.440346,49096.22861,1200.057603,1200.057603,6401.63882,4600.846556
57.54309,6601.74286,18012.96934,82269.84509,1800.129609,6201.537981,26828.76043,1200.057603,200.0016,5001.0002,4400.774536
57.71332,15209.24722,29635.08794,70598.80624,3800.577688,3800.577688,27229.62583,800.0256008,2200.193617,11205.01985,5801.345912
57.88351,9803.843106,16010.24656,75426.88407,3200.409652,7402.191049,20416.65999,1400.078404,2600.270428,9203.386846,4600.846556
58.05374,12205.95651,21418.33409,79451.703,3800.577688,7802.43436,42672.71431,800.0256008,400.0064001,13006.76352,4800.921777
58.22395,9403.535729,31439.488,69593.1907,3000.360043,5801.345912,50501.81165,1600.102407,600.0144003,8602.959418,5401.166652
58.39424,10604.49631,15209.24722,102014.5873,2600.270428,4000.640102,40064.10256,800.0256008,1400.078404,7402.191049,2600.270428
58.56448,9203.386846,32843.09013,57933.94328,3200.409652,6001.440346,28833.21586,800.0256008,600.0144003,10204.1633,9003.241167
58.73462,12406.15345,20216.3348,78646.63585,8002.560819,5601.254681,40064.10256,400.0064001,1000.040002,11205.01985,3400.462463
58.90483,11605.3849,26027.06815,56125.72162,1800.129609,7202.074197,43475.47342,1400.078404,600.0144003,7802.43436,3800.577688
59.07505,7202.074197,20216.3348,57733.01687,5401.166652,4600.846556,33845.75947,200.0016,1800.129609,7001.960549,3600.518475
59.24525,7602.311103,20817.32001,92944.26556,3000.360043,5001.0002,26628.33255,400.0064001,1400.078404,5801.345912,3000.360043
59.41562,9003.241167,29234.14548,93145.75705,3000.360043,4200.705719,22420.0884,600.0144003,1400.078404,6801.850103,5801.345912
59.58585,9003.241167,22820.81258,84685.8996,3200.409652,5201.081825,19014.45098,600.0144003,1400.078404,17011.56787,5401.166652
59.75622,13407.18625,19214.75693,88915.11517,1800.129609,5801.345912,35851.33912,1800.129609,1400.078404,12005.76277,4800.921777
59.92652,10604.49631,20416.65999,62154.14227,2000.160013,5801.345912,24624.23024,800.0256008,1400.078404,11004.84213,5001.0002
60.09675,5601.254681,19214.75693,58335.80576,3200.409652,4600.846556,29635.08794,1600.102407,1600.102407,7602.311103,4200.705719
60.26689,8402.823349,28833.21586,119569.1491,2200.193617,4600.846556,19815.69403,1000.040002,1200.057603,7001.960549,5801.345912
60.43709,12606.3536,20416.65999,74420.88118,2600.270428,3600.518475,21017.65483,400.0064001,1200.057603,10604.49631,4600.846556
60.60733,9403.535729,21017.65483,92138.33195,1600.102407,3200.409652,34046.30297,2000.160013,1400.078404,12406.15345,7001.960549
60.77751,9203.386846,19415.06609,64164.26051,3400.462463,5201.081825,26828.76043,400.0064001,2800.313635,10404.3282,2600.270428
60.94781,7001.960549,17211.84175,66777.89632,3200.409652,5001.0002,39462.19242,1000.040002,1600.102407,9003.241167,4200.705719
61.11804,6801.850103,28632.75587,118559.6013,1600.102407,4400.774536,27029.19153,2000.160013,1400.078404,6601.74286,7001.960549
61.28818,9603.687816,25425.83265,71403.35676,3200.409652,7202.074197,24824.62603,800.0256008,1400.078404,15009.0054,6801.850103
61.45839,11205.01985,27229.62583,78445.37714,3200.409652,4400.774536,48092.33729,1000.040002,1200.057603,12205.95651,7402.191049
61.62876,14608.53138,21017.65483,65169.44055,2200.193617,7202.074197,36653.66096,1600.102407,2000.160013,6601.74286,4600.846556
61.79905,7202.074197,19014.45098,70196.55034,4400.774536,7202.074197,37456.03423,1200.057603,400.0064001,11004.84213,3800.577688
61.96919,7001.960549,18413.55237,68788.75635,2800.313635,4600.846556,32041.0125,200.0016,600.0144003,7802.43436,5201.081825
62.13942,10204.1633,29234.14548,74420.88118,2000.160013,4400.774536,29635.08794,600.0144003,1200.057603,10604.49631,6801.850103
62.30963,10604.49631,18213.25925,78445.37714,3000.360043,4800.921777,26427.90787,2200.193617,3600.518475,13607.40243,3800.577688
62.47983,7602.311103,13607.40243,33043.61758,1400.078404,3600.518475,11605.3849,400.0064001,800.0256008,2800.313635,600.0144003
62.65005,4000.640102,9003.241167,24223.4483,1200.057603,1600.102407,10404.3282,200.0016,200.0016,1000.040002,2000.160013
